-- phpMyAdmin SQL Dump
-- version 4.5.1
-- http://www.phpmyadmin.net
--
-- Host: 127.0.0.1
-- Gegenereerd op: 24 mei 2016 om 14:16
-- Serverversie: 10.1.13-MariaDB
-- PHP-versie: 7.0.6

SET SQL_MODE = "NO_AUTO_VALUE_ON_ZERO";
SET time_zone = "+00:00";


/*!40101 SET @OLD_CHARACTER_SET_CLIENT=@@CHARACTER_SET_CLIENT */;
/*!40101 SET @OLD_CHARACTER_SET_RESULTS=@@CHARACTER_SET_RESULTS */;
/*!40101 SET @OLD_COLLATION_CONNECTION=@@COLLATION_CONNECTION */;
/*!40101 SET NAMES utf8mb4 */;

--
-- Database: `hondsrug2`
--

-- --------------------------------------------------------

--
-- Tabelstructuur voor tabel `fabrikant`
--

CREATE TABLE `fabrikant` (
  `Fabrikant_ID` int(11) NOT NULL,
  `Naam` varchar(45) DEFAULT NULL,
  `Adres` varchar(45) DEFAULT NULL,
  `Telefoon` int(11) DEFAULT NULL,
  `Email` varchar(45) DEFAULT NULL
) ENGINE=InnoDB DEFAULT CHARSET=utf8;

--
-- Gegevens worden geëxporteerd voor tabel `fabrikant`
--

INSERT INTO `fabrikant` (`Fabrikant_ID`, `Naam`, `Adres`, `Telefoon`, `Email`) VALUES
(1, 'Naam', 'Adres', 0, 'Email'),
(2, 'Cisco', 'Amsterdam', 123456, 'info@cisco.com'),
(3, 'Draytek', 'Groningen', 1273324, 'info@draytek.com'),
(4, 'Canon', 'Den Haag', 345252, 'info@canon.com'),
(5, 'Acer', 'Haarlem', 53767, 'info@acer.nl'),
(6, 'Fujitsu Siemens', 'Assen', 3522543, 'info@siemens.de'),
(7, 'IBM', 'Emmen', 524242, 'info@IBM.com'),
(8, 'HP', 'Amsterdam', 23426, 'info@hp.se'),
(9, 'Dynalink', 'Groningen', 75434, 'info@dynalink.nl'),
(10, 'Packard Bell', 'Amsterdam', 9002344, 'info@packardbell.be'),
(11, 'Lenovo', 'Haarlem', 234522, 'info@lenovo.jp'),
(12, 'Lynksis', 'Den Haag', 252352, 'info@lynksis.nl'),
(13, 'Brother', 'Rotterdam', 5245252, 'info@brother.com'),
(14, 'Netgear', 'Den Haag', 5223546, 'info@netgear.nl'),
(15, 'Dell', 'Rotterdam', 624525, 'service@dell.com'),
(16, 'Epson', 'Assen', 2352352, 'info@epson.nl'),
(17, 'Sitecom', 'Zwolle', 2352525, 'info@sitecom.de'),
(18, 'D_Link', 'Arnhem', 253252352, 'info@dlink.nl');

-- --------------------------------------------------------

--
-- Tabelstructuur voor tabel `hardware`
--

CREATE TABLE `hardware` (
  `Hardware_ID` int(11) NOT NULL,
  `Leverancier_ID` int(11) DEFAULT NULL,
  `Fabrikant_ID` int(11) DEFAULT NULL,
  `Locatie_ID` int(11) DEFAULT NULL,
  `Besturingssysteem` varchar(45) DEFAULT NULL,
  `Omschrijving` varchar(45) DEFAULT NULL,
  `Status` varchar(45) DEFAULT NULL,
  `Jaar_van_aanschaf` varchar(45) DEFAULT NULL
) ENGINE=InnoDB DEFAULT CHARSET=utf8;

--
-- Gegevens worden geëxporteerd voor tabel `hardware`
--

INSERT INTO `hardware` (`Hardware_ID`, `Leverancier_ID`, `Fabrikant_ID`, `Locatie_ID`, `Besturingssysteem`, `Omschrijving`, `Status`, `Jaar_van_aanschaf`) VALUES
(1, 1, 2, 2, '', 'switch', '', '2007'),
(2, 1, 3, 2, '', 'modem', '', '2009'),
(3, 1, 4, 2, '', 'printer', '', '2007'),
(4, 1, 5, 2, 'WXP', 'werkstation', '', '2006'),
(5, 1, 6, 2, 'WXP', 'werkstation', '', '2007'),
(6, 1, 6, 2, 'WXP', 'werkstation', '', '2007'),
(7, 1, 7, 3, 'UNIX', 'server', '', '2007'),
(8, 1, 8, 4, 'LX5', 'server', '', '2007'),
(9, 1, 6, 5, 'W2K3S', 'server', '', '2007'),
(10, 1, 6, 5, 'WXP', 'server', '', '2008'),
(11, 1, 8, 5, 'W2K8S', 'server', '', '2009'),
(12, 2, 9, 5, '', 'switch', '', '2006'),
(13, 1, 10, 5, 'WXP', 'werkstation', '', '2008'),
(14, 1, 10, 5, 'WXP', 'werkstation', '', '2008'),
(15, 1, 10, 5, 'WXP', 'werkstation', '', '2008'),
(16, 1, 10, 5, 'WXP', 'werkstation', '', '2008'),
(17, 1, 10, 5, 'WXP', 'werkstation', '', '2008'),
(18, 1, 10, 5, 'WXP', 'werkstation', '', '2008'),
(19, 1, 10, 5, 'WXP', 'werkstation', '', '2008'),
(20, 1, 10, 5, 'WXP', 'werkstation', '', '2008'),
(21, 1, 10, 5, 'WXP', 'werkstation', '', '2008'),
(22, 1, 10, 5, 'WXP', 'werkstation', '', '2008'),
(23, 1, 10, 5, 'WXP', 'werkstation', '', '2008'),
(24, 1, 10, 5, 'WXP', 'werkstation', '', '2008'),
(25, 1, 10, 5, 'WXP', 'werkstation', '', '2008'),
(26, 1, 10, 5, 'WXP', 'werkstation', '', '2008'),
(27, 1, 10, 5, 'WXP', 'werkstation', '', '2008'),
(28, 1, 10, 5, 'WXP', 'werkstation', '', '2008'),
(29, 1, 10, 5, 'WXP', 'werkstation', '', '2008'),
(30, 1, 10, 5, 'WXP', 'werkstation', '', '2008'),
(31, 1, 10, 5, 'WXP', 'werkstation', '', '2008'),
(32, 1, 10, 5, 'WXP', 'werkstation', '', '2008'),
(33, 1, 10, 5, 'WXP', 'werkstation', '', '2008'),
(34, 1, 10, 5, 'WXP', 'werkstation', '', '2008'),
(35, 1, 10, 5, 'WXP', 'werkstation', '', '2008'),
(36, 1, 10, 5, 'WXP', 'werkstation', '', '2008'),
(37, 1, 10, 5, 'WXP', 'werkstation', '', '2008'),
(38, 1, 10, 5, 'WXP', 'werkstation', '', '2008'),
(39, 1, 10, 5, 'WXP', 'werkstation', '', '2008'),
(40, 1, 10, 5, 'WXP', 'werkstation', '', '2008'),
(41, 1, 10, 5, 'WXP', 'werkstation', '', '2008'),
(42, 1, 10, 5, 'WXP', 'werkstation', '', '2008'),
(43, 1, 10, 5, 'WXP', 'werkstation', '', '2008'),
(44, 1, 10, 5, 'WXP', 'werkstation', '', '2008'),
(45, 1, 10, 5, 'WXP', 'werkstation', '', '2008'),
(46, 3, 10, 5, 'WXP', 'werkstation', '', '2007'),
(47, 3, 10, 5, 'WXP', 'werkstation', '', '2007'),
(48, 3, 10, 5, 'WXP', 'werkstation', '', '2007'),
(49, 3, 10, 5, 'WXP', 'werkstation', '', '2007'),
(50, 3, 10, 5, 'WXP', 'werkstation', '', '2007'),
(51, 3, 10, 5, 'WXP', 'werkstation', '', '2007'),
(52, 3, 10, 5, 'WXP', 'werkstation', '', '2007'),
(53, 3, 10, 5, 'WXP', 'werkstation', '', '2007'),
(54, 3, 10, 5, 'WXP', 'werkstation', '', '2007'),
(55, 3, 10, 5, 'WXP', 'werkstation', '', '2007'),
(56, 3, 10, 5, 'WXP', 'werkstation', '', '2007'),
(57, 3, 10, 5, 'WXP', 'werkstation', '', '2007'),
(58, 3, 10, 5, 'WXP', 'werkstation', '', '2007'),
(59, 3, 10, 5, 'WXP', 'werkstation', '', '2007'),
(60, 3, 10, 5, 'WXP', 'werkstation', '', '2007'),
(61, 3, 10, 5, 'WXP', 'werkstation', '', '2007'),
(62, 3, 10, 5, 'LX5', 'werkstation', '', '2009'),
(63, 3, 10, 5, 'LX5', 'werkstation', '', '2009'),
(64, 3, 10, 5, 'LX5', 'werkstation', '', '2009'),
(65, 3, 10, 5, 'LX5', 'werkstation', '', '2009'),
(66, 3, 10, 5, 'LX5', 'werkstation', '', '2009'),
(67, 3, 10, 5, 'LX5', 'werkstation', '', '2009'),
(68, 3, 10, 5, 'LX5', 'werkstation', '', '2009'),
(69, 3, 10, 5, 'LX5', 'werkstation', '', '2009'),
(70, 3, 10, 5, 'LX5', 'werkstation', '', '2009'),
(71, 3, 10, 5, 'LX5', 'werkstation', '', '2009'),
(72, 3, 10, 5, 'LX5', 'werkstation', '', '2009'),
(73, 3, 10, 5, 'LX5', 'werkstation', '', '2009'),
(74, 3, 10, 5, 'LX5', 'werkstation', '', '2009'),
(75, 3, 10, 5, 'LX5', 'werkstation', '', '2009'),
(76, 3, 10, 5, 'LX5', 'werkstation', '', '2009'),
(77, 3, 10, 5, 'LX5', 'werkstation', '', '2009'),
(78, 3, 10, 5, 'LX5', 'werkstation', '', '2009'),
(79, 4, 11, 5, 'WXP', 'werkstation', '', '2006'),
(80, 4, 11, 5, 'WXP', 'werkstation', '', '2006'),
(81, 4, 11, 5, 'WXP', 'werkstation', '', '2006'),
(82, 4, 11, 5, 'WXP', 'werkstation', '', '2006'),
(83, 4, 11, 5, 'WXP', 'werkstation', '', '2006'),
(84, 4, 11, 5, 'WXP', 'werkstation', '', '2006'),
(85, 4, 11, 5, 'WXP', 'werkstation', '', '2006'),
(86, 4, 11, 5, 'WXP', 'werkstation', '', '2006'),
(87, 4, 11, 5, 'WXP', 'werkstation', '', '2006'),
(88, 4, 11, 5, 'WXP', 'werkstation', '', '2006'),
(89, 4, 11, 5, 'WXP', 'werkstation', '', '2006'),
(90, 4, 11, 5, 'WXP', 'werkstation', '', '2006'),
(91, 4, 11, 5, 'WXP', 'werkstation', '', '2006'),
(92, 4, 11, 5, 'WXP', 'werkstation', '', '2006'),
(93, 4, 11, 5, 'WXP', 'werkstation', '', '2006'),
(94, 4, 11, 5, 'WXP', 'werkstation', '', '2006'),
(95, 2, 12, 5, '', 'firewall', '', '2007'),
(96, 1, 13, 5, '', 'printer', '', '2007'),
(97, 1, 8, 5, '', 'printer', '', '2006'),
(98, 1, 14, 5, '', 'router', '', '2008'),
(99, 5, 6, 3, 'WXP', 'server', '', '2007'),
(100, 5, 6, 3, 'W2K8S', 'server', '', '2008'),
(101, 5, 6, 3, 'W2K3S', 'server', '', '2007'),
(102, 5, 14, 3, '', 'switch', '', '2007'),
(103, 6, 15, 3, 'WXP', 'werkstation', '', '2006'),
(104, 6, 15, 3, 'WXP', 'werkstation', '', '2006'),
(105, 6, 15, 3, 'WXP', 'werkstation', '', '2006'),
(106, 6, 15, 3, 'WXP', 'werkstation', '', '2006'),
(107, 6, 15, 3, 'WXP', 'werkstation', '', '2006'),
(108, 6, 15, 3, 'WXP', 'werkstation', '', '2006'),
(109, 6, 15, 3, 'WXP', 'werkstation', '', '2006'),
(110, 6, 15, 3, 'WXP', 'werkstation', '', '2006'),
(111, 6, 15, 3, 'WXP', 'werkstation', '', '2006'),
(112, 6, 15, 3, 'WXP', 'werkstation', '', '2006'),
(113, 6, 15, 3, 'WXP', 'werkstation', '', '2006'),
(114, 6, 15, 3, 'WXP', 'werkstation', '', '2006'),
(115, 6, 15, 3, 'WXP', 'werkstation', '', '2006'),
(116, 6, 15, 3, 'WXP', 'werkstation', '', '2006'),
(117, 6, 15, 3, 'WXP', 'werkstation', '', '2006'),
(118, 6, 15, 3, 'WXP', 'werkstation', '', '2006'),
(119, 6, 15, 3, 'WXP', 'werkstation', '', '2009'),
(120, 6, 15, 3, 'WXP', 'werkstation', '', '2009'),
(121, 6, 15, 3, 'WXP', 'werkstation', '', '2009'),
(122, 6, 15, 3, 'WXP', 'werkstation', '', '2009'),
(123, 6, 15, 3, 'WXP', 'werkstation', '', '2009'),
(124, 6, 15, 3, 'WXP', 'werkstation', '', '2009'),
(125, 6, 15, 3, 'WXP', 'werkstation', '', '2009'),
(126, 6, 15, 3, 'WXP', 'werkstation', '', '2009'),
(127, 6, 15, 3, 'WXP', 'werkstation', '', '2009'),
(128, 6, 15, 3, 'WXP', 'werkstation', '', '2009'),
(129, 6, 15, 3, 'WXP', 'werkstation', '', '2009'),
(130, 6, 15, 3, 'WXP', 'werkstation', '', '2009'),
(131, 6, 15, 3, 'WXP', 'werkstation', '', '2009'),
(132, 6, 15, 3, 'WXP', 'werkstation', '', '2009'),
(133, 6, 15, 3, 'WXP', 'werkstation', '', '2009'),
(134, 6, 15, 3, 'WXP', 'werkstation', '', '2009'),
(135, 6, 15, 3, 'WXP', 'werkstation', '', '2009'),
(136, 3, 11, 3, 'WXP', 'werkstation', '', '2006'),
(137, 3, 11, 3, 'WXP', 'werkstation', '', '2006'),
(138, 3, 11, 3, 'WXP', 'werkstation', '', '2006'),
(139, 3, 11, 3, 'WXP', 'werkstation', '', '2006'),
(140, 3, 11, 3, 'WXP', 'werkstation', '', '2006'),
(141, 3, 11, 3, 'WXP', 'werkstation', '', '2006'),
(142, 3, 11, 3, 'WXP', 'werkstation', '', '2006'),
(143, 3, 11, 3, 'WXP', 'werkstation', '', '2006'),
(144, 3, 11, 3, 'WXP', 'werkstation', '', '2006'),
(145, 3, 11, 3, 'WXP', 'werkstation', '', '2006'),
(146, 3, 11, 3, 'WXP', 'werkstation', '', '2006'),
(147, 3, 11, 3, 'WXP', 'werkstation', '', '2006'),
(148, 3, 11, 3, 'WXP', 'werkstation', '', '2006'),
(149, 3, 11, 3, 'WXP', 'werkstation', '', '2006'),
(150, 3, 11, 3, 'WXP', 'werkstation', '', '2006'),
(151, 3, 11, 3, 'WXP', 'werkstation', '', '2006'),
(152, 5, 6, 3, 'WXP', 'werkstation', '', '2007'),
(153, 5, 6, 3, 'WXP', 'werkstation', '', '2007'),
(154, 5, 6, 3, 'WXP', 'werkstation', '', '2007'),
(155, 5, 6, 3, 'WXP', 'werkstation', '', '2007'),
(156, 5, 6, 3, 'WXP', 'werkstation', '', '2007'),
(157, 5, 6, 3, 'WXP', 'werkstation', '', '2007'),
(158, 5, 6, 3, 'WXP', 'werkstation', '', '2007'),
(159, 5, 6, 3, 'WXP', 'werkstation', '', '2007'),
(160, 5, 6, 3, 'WXP', 'werkstation', '', '2007'),
(161, 5, 6, 3, 'WXP', 'werkstation', '', '2007'),
(162, 5, 6, 3, 'WXP', 'werkstation', '', '2007'),
(163, 5, 6, 3, 'WXP', 'werkstation', '', '2007'),
(164, 5, 6, 3, 'WXP', 'werkstation', '', '2007'),
(165, 5, 6, 3, 'WXP', 'werkstation', '', '2007'),
(166, 5, 6, 3, 'WXP', 'werkstation', '', '2007'),
(167, 5, 6, 3, 'WXP', 'werkstation', '', '2007'),
(168, 5, 6, 3, 'WXP', 'werkstation', '', '2007'),
(169, 5, 6, 3, 'WXP', 'werkstation', '', '2007'),
(170, 5, 6, 3, 'WXP', 'werkstation', '', '2007'),
(171, 5, 6, 3, 'WXP', 'werkstation', '', '2007'),
(172, 5, 6, 3, 'WXP', 'werkstation', '', '2007'),
(173, 5, 6, 3, 'WXP', 'werkstation', '', '2007'),
(174, 5, 6, 3, 'WXP', 'werkstation', '', '2007'),
(175, 5, 6, 3, 'WXP', 'werkstation', '', '2007'),
(176, 5, 6, 3, 'WXP', 'werkstation', '', '2007'),
(177, 5, 6, 3, 'WXP', 'werkstation', '', '2007'),
(178, 5, 6, 3, 'WXP', 'werkstation', '', '2007'),
(179, 5, 6, 3, 'WXP', 'werkstation', '', '2007'),
(180, 5, 6, 3, 'WXP', 'werkstation', '', '2007'),
(181, 5, 6, 3, 'WXP', 'werkstation', '', '2007'),
(182, 5, 6, 3, 'WXP', 'werkstation', '', '2007'),
(183, 5, 6, 3, 'WXP', 'werkstation', '', '2007'),
(184, 5, 6, 3, 'WXP', 'werkstation', '', '2007'),
(185, 3, 11, 3, 'WXP', 'werkstation', '', '2009'),
(186, 3, 11, 3, 'WXP', 'werkstation', '', '2009'),
(187, 3, 11, 3, 'WXP', 'werkstation', '', '2009'),
(188, 3, 11, 3, 'WXP', 'werkstation', '', '2009'),
(189, 3, 11, 3, 'WXP', 'werkstation', '', '2009'),
(190, 3, 11, 3, 'WXP', 'werkstation', '', '2009'),
(191, 3, 11, 3, 'WXP', 'werkstation', '', '2009'),
(192, 3, 11, 3, 'WXP', 'werkstation', '', '2009'),
(193, 3, 11, 3, 'WXP', 'werkstation', '', '2009'),
(194, 3, 11, 3, 'WXP', 'werkstation', '', '2009'),
(195, 3, 11, 3, 'WXP', 'werkstation', '', '2009'),
(196, 3, 11, 3, 'WXP', 'werkstation', '', '2009'),
(197, 3, 11, 3, 'WXP', 'werkstation', '', '2009'),
(198, 3, 11, 3, 'WXP', 'werkstation', '', '2009'),
(199, 3, 11, 3, 'WXP', 'werkstation', '', '2009'),
(200, 3, 11, 3, 'WXP', 'werkstation', '', '2009'),
(201, 5, 14, 3, '', 'firewall', '', '2008'),
(202, 5, 8, 3, '', 'printer', '', '2006'),
(203, 5, 16, 3, '', 'printer', '', '2006'),
(204, 5, 16, 3, '', 'scanner', '', '2006'),
(205, 5, 14, 3, '', 'router', '', '2008'),
(206, 2, 17, 6, '', 'switch', '', '2008'),
(207, 1, 5, 6, 'UNIX', 'server', '', '2007'),
(208, 1, 5, 6, 'LX5', 'server', '', '2009'),
(209, 2, 10, 6, 'LX8', 'werkstation', '', '2006'),
(210, 2, 10, 6, 'LX8', 'werkstation', '', '2006'),
(211, 2, 10, 6, 'LX8', 'werkstation', '', '2006'),
(212, 2, 10, 6, 'LX8', 'werkstation', '', '2006'),
(213, 2, 10, 6, 'LX8', 'werkstation', '', '2006'),
(214, 2, 10, 6, 'LX8', 'werkstation', '', '2006'),
(215, 2, 10, 6, 'LX8', 'werkstation', '', '2006'),
(216, 2, 10, 6, 'LX8', 'werkstation', '', '2006'),
(217, 2, 10, 6, 'LX8', 'werkstation', '', '2006'),
(218, 2, 10, 6, 'LX8', 'werkstation', '', '2006'),
(219, 2, 10, 6, 'LX8', 'werkstation', '', '2006'),
(220, 2, 10, 6, 'LX8', 'werkstation', '', '2006'),
(221, 2, 5, 6, 'LX5', 'werkstation', '', '2008'),
(222, 2, 5, 6, 'LX5', 'werkstation', '', '2008'),
(223, 2, 5, 6, 'LX5', 'werkstation', '', '2008'),
(224, 2, 5, 6, 'LX5', 'werkstation', '', '2008'),
(225, 2, 5, 6, 'LX5', 'werkstation', '', '2008'),
(226, 2, 5, 6, 'LX5', 'werkstation', '', '2008'),
(227, 2, 5, 6, 'LX5', 'werkstation', '', '2008'),
(228, 2, 5, 6, 'LX5', 'werkstation', '', '2008'),
(229, 2, 5, 6, 'LX5', 'werkstation', '', '2008'),
(230, 2, 5, 6, 'LX5', 'werkstation', '', '2008'),
(231, 2, 5, 6, 'LX5', 'werkstation', '', '2008'),
(232, 2, 5, 6, 'LX5', 'werkstation', '', '2008'),
(233, 2, 5, 6, 'LX5', 'werkstation', '', '2008'),
(234, 2, 5, 6, 'LX5', 'werkstation', '', '2008'),
(235, 2, 5, 6, 'LX5', 'werkstation', '', '2008'),
(236, 2, 5, 6, 'LX5', 'werkstation', '', '2008'),
(237, 2, 5, 6, 'LX5', 'werkstation', '', '2008'),
(238, 2, 5, 6, 'LX5', 'werkstation', '', '2008'),
(239, 2, 5, 6, 'LX5', 'werkstation', '', '2008'),
(240, 2, 5, 6, 'LX5', 'werkstation', '', '2008'),
(241, 2, 5, 6, 'LX5', 'werkstation', '', '2008'),
(242, 2, 5, 6, 'LX5', 'werkstation', '', '2008'),
(243, 2, 5, 6, 'LX5', 'werkstation', '', '2008'),
(244, 2, 5, 6, 'LX5', 'werkstation', '', '2008'),
(245, 2, 5, 6, 'LX5', 'werkstation', '', '2008'),
(246, 2, 5, 6, 'LX5', 'werkstation', '', '2008'),
(247, 2, 5, 6, 'LX5', 'werkstation', '', '2008'),
(248, 2, 5, 6, 'LX5', 'werkstation', '', '2008'),
(249, 2, 5, 6, 'LX5', 'werkstation', '', '2008'),
(250, 5, 6, 6, 'LX5', 'werkstation', '', '2007'),
(251, 5, 6, 6, 'LX5', 'werkstation', '', '2007'),
(252, 5, 6, 6, 'LX5', 'werkstation', '', '2007'),
(253, 5, 6, 6, 'LX5', 'werkstation', '', '2007'),
(254, 5, 6, 6, 'LX5', 'werkstation', '', '2007'),
(255, 5, 6, 6, 'LX5', 'werkstation', '', '2007'),
(256, 5, 6, 6, 'LX5', 'werkstation', '', '2007'),
(257, 5, 6, 6, 'LX5', 'werkstation', '', '2007'),
(258, 5, 6, 6, 'LX5', 'werkstation', '', '2007'),
(259, 5, 6, 6, 'LX5', 'werkstation', '', '2007'),
(260, 5, 6, 6, 'LX5', 'werkstation', '', '2007'),
(261, 5, 6, 6, 'LX5', 'werkstation', '', '2007'),
(262, 5, 6, 6, 'LX5', 'werkstation', '', '2007'),
(263, 5, 6, 6, 'LX5', 'werkstation', '', '2007'),
(264, 5, 6, 6, 'LX5', 'werkstation', '', '2007'),
(265, 5, 6, 6, 'LX5', 'werkstation', '', '2007'),
(266, 5, 6, 6, 'LX5', 'werkstation', '', '2007'),
(267, 5, 6, 6, 'LX5', 'werkstation', '', '2007'),
(268, 5, 12, 6, '', 'firewall', '', '2007'),
(269, 2, 4, 6, '', 'printer', '', '2007'),
(270, 1, 16, 6, '', 'plotter', '', '2008'),
(271, 2, 2, 6, '', 'router', '', '2007'),
(272, 3, 5, 7, 'W2K3S', 'server', '', '2009'),
(273, 3, 5, 7, 'WXP', 'server', '', '2009'),
(274, 3, 5, 7, 'W2K8S', 'server', '', '2009'),
(275, 3, 9, 7, '', 'switch', '', '2006'),
(276, 2, 5, 7, 'WXP', 'werkstation', '', '2006'),
(277, 2, 5, 7, 'WXP', 'werkstation', '', '2006'),
(278, 2, 5, 7, 'WXP', 'werkstation', '', '2006'),
(279, 2, 5, 7, 'WXP', 'werkstation', '', '2006'),
(280, 2, 5, 7, 'WXP', 'werkstation', '', '2006'),
(281, 2, 5, 7, 'WXP', 'werkstation', '', '2006'),
(282, 2, 5, 7, 'WXP', 'werkstation', '', '2006'),
(283, 2, 5, 7, 'WXP', 'werkstation', '', '2006'),
(284, 2, 5, 7, 'WXP', 'werkstation', '', '2006'),
(285, 2, 5, 7, 'WXP', 'werkstation', '', '2006'),
(286, 2, 5, 7, 'WXP', 'werkstation', '', '2006'),
(287, 2, 5, 7, 'WXP', 'werkstation', '', '2006'),
(288, 2, 5, 7, 'WXP', 'werkstation', '', '2006'),
(289, 2, 5, 7, 'WXP', 'werkstation', '', '2006'),
(290, 2, 5, 7, 'WXP', 'werkstation', '', '2006'),
(291, 2, 5, 7, 'WXP', 'werkstation', '', '2006'),
(292, 2, 5, 7, 'WXP', 'werkstation', '', '2006'),
(293, 2, 5, 7, 'WXP', 'werkstation', '', '2006'),
(294, 2, 5, 7, 'WXP', 'werkstation', '', '2009'),
(295, 2, 5, 7, 'WXP', 'werkstation', '', '2009'),
(296, 2, 5, 7, 'WXP', 'werkstation', '', '2009'),
(297, 2, 5, 7, 'WXP', 'werkstation', '', '2009'),
(298, 2, 5, 7, 'WXP', 'werkstation', '', '2009'),
(299, 2, 5, 7, 'WXP', 'werkstation', '', '2009'),
(300, 2, 5, 7, 'WXP', 'werkstation', '', '2009'),
(301, 2, 5, 7, 'WXP', 'werkstation', '', '2009'),
(302, 2, 5, 7, 'WXP', 'werkstation', '', '2009'),
(303, 2, 5, 7, 'WXP', 'werkstation', '', '2009'),
(304, 2, 5, 7, 'WXP', 'werkstation', '', '2009'),
(305, 2, 5, 7, 'WXP', 'werkstation', '', '2009'),
(306, 2, 5, 7, 'WXP', 'werkstation', '', '2009'),
(307, 2, 5, 7, 'WXP', 'werkstation', '', '2009'),
(308, 2, 5, 7, 'WXP', 'werkstation', '', '2009'),
(309, 2, 5, 7, 'WXP', 'werkstation', '', '2009'),
(310, 2, 5, 7, 'WXP', 'werkstation', '', '2009'),
(311, 2, 5, 7, 'WXP', 'werkstation', '', '2009'),
(312, 2, 5, 7, 'WXP', 'werkstation', '', '2009'),
(313, 2, 5, 7, 'WXP', 'werkstation', '', '2009'),
(314, 2, 5, 7, 'WXP', 'werkstation', '', '2009'),
(315, 3, 11, 7, 'WXP', 'werkstation', '', '2006'),
(316, 3, 11, 7, 'WXP', 'werkstation', '', '2006'),
(317, 3, 11, 7, 'WXP', 'werkstation', '', '2006'),
(318, 3, 11, 7, 'WXP', 'werkstation', '', '2006'),
(319, 3, 11, 7, 'WXP', 'werkstation', '', '2006'),
(320, 3, 11, 7, 'WXP', 'werkstation', '', '2006'),
(321, 3, 11, 7, 'WXP', 'werkstation', '', '2006'),
(322, 3, 11, 7, 'WXP', 'werkstation', '', '2006'),
(323, 3, 11, 7, 'WXP', 'werkstation', '', '2006'),
(324, 3, 11, 7, 'WXP', 'werkstation', '', '2006'),
(325, 3, 11, 7, 'WXP', 'werkstation', '', '2006'),
(326, 3, 11, 7, 'WXP', 'werkstation', '', '2006'),
(327, 3, 11, 7, 'WXP', 'werkstation', '', '2006'),
(328, 3, 11, 7, 'WXP', 'werkstation', '', '2006'),
(329, 3, 11, 7, 'WXP', 'werkstation', '', '2006'),
(330, 3, 11, 7, 'WXP', 'werkstation', '', '2006'),
(331, 3, 11, 7, 'WXP', 'werkstation', '', '2006'),
(332, 3, 11, 7, 'WXP', 'werkstation', '', '2006'),
(333, 3, 11, 7, 'WXP', 'werkstation', '', '2006'),
(334, 1, 14, 7, '', 'firewall', '', '2007'),
(335, 1, 3, 7, '', 'modem', '', '2009'),
(336, 3, 4, 7, '', 'printer', '', '2008'),
(337, 3, 18, 7, '', 'router', '', '2008'),
(338, 4, 5, 8, 'LX8', 'server', '', '2007'),
(339, 4, 8, 8, 'LX8', 'server', '', '2007'),
(340, 4, 10, 8, 'LX8', 'werkstation', '', '2007'),
(341, 4, 10, 8, 'LX8', 'werkstation', '', '2007'),
(342, 4, 10, 8, 'LX8', 'werkstation', '', '2007'),
(343, 4, 10, 8, 'LX8', 'werkstation', '', '2007'),
(344, 4, 10, 8, 'LX8', 'werkstation', '', '2007'),
(345, 4, 10, 8, 'LX8', 'werkstation', '', '2007'),
(346, 4, 10, 8, 'LX8', 'werkstation', '', '2007'),
(347, 4, 10, 8, 'LX8', 'werkstation', '', '2007'),
(348, 4, 10, 8, 'LX8', 'werkstation', '', '2007'),
(349, 4, 10, 8, 'LX8', 'werkstation', '', '2007'),
(350, 4, 10, 8, 'LX8', 'werkstation', '', '2007'),
(351, 4, 10, 8, 'LX8', 'werkstation', '', '2007'),
(352, 4, 10, 8, 'LX8', 'werkstation', '', '2007'),
(353, 4, 10, 8, 'LX8', 'werkstation', '', '2007'),
(354, 4, 10, 8, 'LX8', 'werkstation', '', '2007'),
(355, 4, 10, 8, 'LX8', 'werkstation', '', '2007'),
(356, 4, 10, 8, 'LX8', 'werkstation', '', '2007'),
(357, 3, 5, 8, 'WXP', 'werkstation', '', '2007'),
(358, 3, 5, 8, 'WXP', 'werkstation', '', '2007'),
(359, 3, 5, 8, 'WXP', 'werkstation', '', '2007'),
(360, 3, 5, 8, 'WXP', 'werkstation', '', '2007'),
(361, 3, 5, 8, 'WXP', 'werkstation', '', '2007'),
(362, 3, 5, 8, 'WXP', 'werkstation', '', '2007'),
(363, 3, 5, 8, 'WXP', 'werkstation', '', '2007'),
(364, 3, 5, 8, 'WXP', 'werkstation', '', '2007'),
(365, 3, 5, 8, 'WXP', 'werkstation', '', '2007'),
(366, 3, 5, 8, 'WXP', 'werkstation', '', '2007'),
(367, 3, 5, 8, 'WXP', 'werkstation', '', '2007'),
(368, 3, 5, 8, 'WXP', 'werkstation', '', '2007'),
(369, 3, 5, 8, 'WXP', 'werkstation', '', '2007'),
(370, 3, 5, 8, 'WXP', 'werkstation', '', '2007'),
(371, 3, 5, 8, 'WXP', 'werkstation', '', '2007'),
(372, 1, 14, 8, '', 'firewall', '', '2007'),
(373, 4, 16, 8, '', 'printer', '', '2008'),
(374, 2, 18, 8, '', 'router', '', '2006'),
(375, 1, 8, 9, 'LX5', 'server', '', '2007'),
(376, 1, 7, 9, 'UNIX', 'server', '', '2007'),
(377, 1, 8, 9, 'LX5', 'server', '', '2006'),
(378, 1, 8, 9, 'LX5', 'server', '', '2007'),
(379, 1, 8, 9, 'W2K8S', 'server', '', '2010'),
(380, 1, 8, 9, 'WVista', 'werkstation', '', '2010'),
(381, 1, 8, 9, 'WVista', 'werkstation', '', '2010'),
(382, 1, 6, 9, 'WVista', 'werkstation', '', '2008'),
(383, 1, 6, 9, 'WVista', 'werkstation', '', '2008'),
(384, 1, 14, 9, '', 'firewall', '', '2008'),
(385, 1, 14, 9, '', 'firewall', '', '2008'),
(386, 1, 8, 9, 'WVista', 'werkstation', '', '2009'),
(387, 5, 8, 9, 'WVista', 'werkstation', '', '2009'),
(388, 1, 8, 9, '', 'printer', '', '2007'),
(389, 1, 18, 9, '', 'router', '', '2006'),
(390, 3, 18, 4, '', 'router', '', '2007'),
(391, 1, 8, 9, 'WVista', 'werkstation', '', '2009');

-- --------------------------------------------------------

--
-- Tabelstructuur voor tabel `hard_software_koppeling`
--

CREATE TABLE `hard_software_koppeling` (
  `Hardware_ID` int(11) NOT NULL,
  `Software_ID` int(11) NOT NULL
) ENGINE=InnoDB DEFAULT CHARSET=utf8;

--
-- Gegevens worden geëxporteerd voor tabel `hard_software_koppeling`
--

INSERT INTO `hard_software_koppeling` (`Hardware_ID`, `Software_ID`) VALUES
(4, 8),
(4, 17),
(5, 8),
(5, 17),
(6, 8),
(6, 17),
(7, 12),
(8, 14),
(8, 15),
(8, 20),
(11, 23),
(11, 24),
(11, 25),
(11, 26),
(11, 27),
(11, 28),
(11, 29),
(11, 30),
(11, 31),
(11, 32),
(11, 33),
(11, 34),
(11, 35),
(11, 36),
(11, 37),
(11, 39),
(11, 40),
(11, 41),
(11, 42),
(13, 8),
(13, 17),
(14, 8),
(14, 17),
(15, 8),
(15, 17),
(16, 8),
(16, 17),
(17, 8),
(17, 17),
(18, 8),
(18, 17),
(19, 8),
(19, 17),
(20, 8),
(20, 17),
(21, 8),
(21, 17),
(22, 8),
(22, 17),
(23, 8),
(23, 17),
(24, 8),
(24, 17),
(25, 8),
(25, 17),
(26, 8),
(26, 17),
(27, 8),
(27, 17),
(28, 8),
(28, 17),
(29, 8),
(29, 17),
(30, 8),
(30, 17),
(31, 8),
(31, 17),
(32, 8),
(32, 17),
(33, 8),
(33, 17),
(34, 8),
(34, 17),
(35, 8),
(35, 17),
(36, 8),
(36, 17),
(37, 8),
(37, 17),
(38, 8),
(38, 17),
(39, 8),
(39, 17),
(40, 8),
(40, 17),
(41, 8),
(41, 17),
(42, 8),
(42, 17),
(43, 8),
(43, 17),
(44, 8),
(44, 17),
(45, 8),
(45, 17),
(46, 8),
(46, 17),
(47, 8),
(47, 17),
(48, 8),
(48, 17),
(49, 8),
(49, 17),
(50, 8),
(50, 17),
(51, 8),
(51, 17),
(52, 8),
(52, 17),
(53, 8),
(53, 17),
(54, 8),
(54, 17),
(55, 8),
(55, 17),
(56, 8),
(56, 17),
(57, 8),
(57, 17),
(58, 8),
(58, 17),
(59, 8),
(59, 17),
(60, 8),
(60, 17),
(61, 8),
(61, 17),
(62, 10),
(62, 19),
(63, 10),
(63, 19),
(64, 10),
(64, 19),
(65, 10),
(65, 19),
(66, 10),
(66, 19),
(67, 10),
(67, 19),
(68, 10),
(68, 19),
(69, 10),
(69, 19),
(70, 10),
(70, 19),
(71, 10),
(71, 19),
(72, 10),
(72, 19),
(73, 10),
(73, 19),
(74, 10),
(74, 19),
(75, 10),
(75, 19),
(76, 10),
(76, 19),
(77, 10),
(77, 19),
(78, 10),
(78, 19),
(79, 7),
(79, 17),
(80, 7),
(80, 17),
(81, 7),
(81, 17),
(82, 7),
(82, 17),
(83, 7),
(83, 17),
(84, 7),
(84, 17),
(85, 7),
(85, 17),
(86, 7),
(86, 17),
(87, 7),
(87, 17),
(88, 7),
(88, 17),
(89, 7),
(89, 17),
(90, 7),
(90, 17),
(91, 7),
(91, 17),
(92, 7),
(92, 17),
(93, 7),
(93, 17),
(94, 7),
(94, 17),
(100, 23),
(100, 24),
(100, 25),
(100, 26),
(100, 27),
(100, 28),
(100, 29),
(100, 30),
(100, 31),
(100, 32),
(100, 33),
(100, 34),
(100, 35),
(100, 36),
(100, 37),
(100, 38),
(100, 39),
(100, 40),
(100, 41),
(100, 42),
(100, 43),
(100, 44),
(100, 45),
(100, 46),
(103, 8),
(103, 19),
(104, 8),
(104, 19),
(105, 8),
(105, 19),
(106, 8),
(106, 19),
(107, 8),
(107, 19),
(108, 8),
(108, 19),
(109, 8),
(109, 19),
(110, 8),
(110, 19),
(111, 8),
(111, 19),
(112, 8),
(112, 19),
(113, 8),
(113, 19),
(114, 8),
(114, 19),
(115, 8),
(115, 19),
(116, 8),
(116, 19),
(117, 8),
(117, 19),
(118, 8),
(118, 19),
(119, 7),
(119, 17),
(120, 7),
(120, 17),
(121, 7),
(121, 17),
(122, 7),
(122, 17),
(123, 7),
(123, 17),
(124, 7),
(124, 17),
(125, 7),
(125, 17),
(126, 7),
(126, 17),
(127, 7),
(127, 17),
(128, 7),
(128, 17),
(129, 7),
(129, 17),
(130, 7),
(130, 17),
(131, 7),
(131, 17),
(132, 7),
(132, 17),
(133, 7),
(133, 17),
(134, 7),
(134, 17),
(135, 7),
(135, 17),
(136, 7),
(136, 17),
(136, 19),
(137, 7),
(137, 17),
(137, 19),
(138, 7),
(138, 17),
(138, 19),
(139, 7),
(139, 17),
(139, 19),
(140, 7),
(140, 17),
(140, 19),
(141, 7),
(141, 17),
(141, 19),
(142, 7),
(142, 17),
(142, 19),
(143, 7),
(143, 17),
(143, 19),
(144, 7),
(144, 17),
(144, 19),
(145, 7),
(145, 17),
(145, 19),
(146, 7),
(146, 17),
(146, 19),
(147, 7),
(147, 17),
(147, 19),
(148, 7),
(148, 17),
(148, 19),
(149, 7),
(149, 17),
(149, 19),
(150, 7),
(150, 17),
(150, 19),
(151, 7),
(151, 17),
(151, 19),
(152, 7),
(152, 17),
(153, 7),
(153, 17),
(154, 7),
(154, 17),
(155, 7),
(155, 17),
(156, 7),
(156, 17),
(157, 7),
(157, 17),
(158, 7),
(158, 17),
(159, 7),
(159, 17),
(160, 7),
(160, 17),
(161, 7),
(161, 17),
(162, 7),
(162, 17),
(163, 7),
(163, 17),
(164, 7),
(164, 17),
(165, 7),
(165, 17),
(166, 7),
(166, 17),
(167, 7),
(167, 17),
(168, 7),
(168, 17),
(169, 7),
(169, 17),
(170, 7),
(170, 17),
(171, 7),
(171, 17),
(172, 7),
(172, 17),
(173, 7),
(173, 17),
(174, 7),
(174, 17),
(175, 7),
(175, 17),
(176, 7),
(176, 17),
(177, 7),
(177, 17),
(178, 7),
(178, 17),
(179, 7),
(179, 17),
(180, 7),
(180, 17),
(181, 7),
(181, 17),
(182, 7),
(182, 17),
(183, 7),
(183, 17),
(184, 7),
(184, 17),
(185, 7),
(185, 17),
(185, 19),
(186, 7),
(186, 17),
(186, 19),
(187, 7),
(187, 17),
(187, 19),
(188, 7),
(188, 17),
(188, 19),
(189, 7),
(189, 17),
(189, 19),
(190, 7),
(190, 17),
(190, 19),
(191, 7),
(191, 17),
(191, 19),
(192, 7),
(192, 17),
(192, 19),
(193, 7),
(193, 17),
(193, 19),
(194, 7),
(194, 17),
(194, 19),
(195, 7),
(195, 17),
(195, 19),
(196, 7),
(196, 17),
(196, 19),
(197, 7),
(197, 17),
(197, 19),
(198, 7),
(198, 17),
(198, 19),
(199, 7),
(199, 17),
(199, 19),
(200, 7),
(200, 17),
(200, 19),
(208, 32),
(208, 43),
(208, 44),
(208, 46),
(208, 47),
(208, 48),
(208, 49),
(209, 10),
(209, 19),
(210, 10),
(210, 19),
(211, 10),
(211, 19),
(212, 10),
(212, 19),
(213, 10),
(213, 19),
(214, 10),
(214, 19),
(215, 10),
(215, 19),
(216, 10),
(216, 19),
(217, 10),
(217, 19),
(218, 10),
(218, 19),
(219, 10),
(219, 19),
(220, 10),
(220, 19),
(221, 10),
(221, 19),
(222, 10),
(222, 19),
(223, 10),
(223, 19),
(224, 10),
(224, 19),
(225, 10),
(225, 19),
(226, 10),
(226, 19),
(227, 10),
(227, 19),
(228, 10),
(228, 19),
(229, 10),
(229, 19),
(230, 10),
(230, 19),
(231, 10),
(231, 19),
(232, 10),
(232, 19),
(233, 10),
(233, 19),
(234, 10),
(234, 19),
(235, 10),
(235, 19),
(236, 10),
(236, 19),
(237, 10),
(237, 19),
(238, 10),
(238, 19),
(239, 10),
(239, 19),
(240, 10),
(240, 19),
(241, 10),
(241, 19),
(242, 10),
(242, 19),
(243, 10),
(243, 19),
(244, 10),
(244, 19),
(245, 10),
(245, 19),
(246, 10),
(246, 19),
(247, 10),
(247, 19),
(248, 10),
(248, 19),
(249, 10),
(249, 19),
(250, 10),
(250, 19),
(251, 10),
(251, 19),
(252, 10),
(252, 19),
(253, 10),
(253, 19),
(254, 10),
(254, 19),
(255, 10),
(255, 19),
(256, 10),
(256, 19),
(257, 10),
(257, 19),
(258, 10),
(258, 19),
(259, 10),
(259, 19),
(260, 10),
(260, 19),
(261, 10),
(261, 19),
(262, 10),
(262, 19),
(263, 10),
(263, 19),
(264, 10),
(264, 19),
(265, 10),
(265, 19),
(266, 10),
(266, 19),
(267, 10),
(267, 19),
(271, 26),
(271, 27),
(271, 28),
(271, 29),
(271, 30),
(271, 31),
(271, 32),
(271, 33),
(271, 34),
(271, 35),
(271, 36),
(271, 37),
(271, 38),
(271, 39),
(271, 40),
(271, 41),
(271, 42),
(271, 43),
(271, 44),
(271, 45),
(271, 46),
(274, 23),
(274, 24),
(274, 25),
(276, 7),
(276, 17),
(277, 7),
(277, 17),
(278, 7),
(278, 17),
(279, 7),
(279, 17),
(280, 7),
(280, 17),
(281, 7),
(281, 17),
(282, 7),
(282, 17),
(283, 7),
(283, 17),
(284, 7),
(284, 17),
(285, 7),
(285, 17),
(286, 7),
(286, 17),
(287, 7),
(287, 17),
(288, 7),
(288, 17),
(289, 7),
(289, 17),
(290, 7),
(290, 17),
(291, 7),
(291, 17),
(292, 7),
(292, 17),
(293, 7),
(293, 17),
(294, 8),
(294, 17),
(295, 8),
(295, 17),
(296, 8),
(296, 17),
(297, 8),
(297, 17),
(298, 8),
(298, 17),
(299, 8),
(299, 17),
(300, 8),
(300, 17),
(301, 8),
(301, 17),
(302, 8),
(302, 17),
(303, 8),
(303, 17),
(304, 8),
(304, 17),
(305, 8),
(305, 17),
(306, 8),
(306, 17),
(307, 8),
(307, 17),
(308, 8),
(308, 17),
(309, 8),
(309, 17),
(310, 8),
(310, 17),
(311, 8),
(311, 17),
(312, 8),
(312, 17),
(313, 8),
(313, 17),
(314, 8),
(314, 17),
(315, 7),
(315, 17),
(316, 7),
(316, 17),
(317, 7),
(317, 17),
(318, 7),
(318, 17),
(319, 7),
(319, 17),
(320, 7),
(320, 17),
(321, 7),
(321, 17),
(322, 7),
(322, 17),
(323, 7),
(323, 17),
(324, 7),
(324, 17),
(325, 7),
(325, 17),
(326, 7),
(326, 17),
(327, 7),
(327, 17),
(328, 7),
(328, 17),
(329, 7),
(329, 17),
(330, 7),
(330, 17),
(331, 7),
(331, 17),
(332, 7),
(332, 17),
(333, 7),
(333, 17),
(335, 29),
(335, 32),
(335, 35),
(335, 39),
(335, 40),
(335, 41),
(335, 43),
(335, 44),
(335, 45),
(335, 46),
(335, 47),
(335, 48),
(335, 49),
(338, 23),
(338, 24),
(338, 28),
(340, 10),
(340, 19),
(341, 10),
(341, 19),
(342, 10),
(342, 19),
(343, 10),
(343, 19),
(344, 10),
(344, 19),
(345, 10),
(345, 19),
(346, 10),
(346, 19),
(347, 10),
(347, 19),
(348, 10),
(348, 19),
(349, 10),
(349, 19),
(350, 10),
(350, 19),
(351, 10),
(351, 19),
(352, 10),
(352, 19),
(353, 10),
(353, 19),
(354, 10),
(354, 19),
(355, 10),
(355, 19),
(356, 10),
(356, 19),
(357, 8),
(357, 17),
(357, 19),
(358, 8),
(358, 17),
(358, 19),
(359, 8),
(359, 17),
(359, 19),
(360, 8),
(360, 17),
(360, 19),
(361, 8),
(361, 17),
(361, 19),
(362, 8),
(362, 17),
(362, 19),
(363, 8),
(363, 17),
(363, 19),
(364, 8),
(364, 17),
(364, 19),
(365, 8),
(365, 17),
(365, 19),
(366, 8),
(366, 17),
(366, 19),
(367, 8),
(367, 17),
(367, 19),
(368, 8),
(368, 17),
(368, 19),
(369, 8),
(369, 17),
(369, 19),
(370, 8),
(370, 17),
(370, 19),
(371, 8),
(371, 17),
(371, 19),
(376, 13),
(377, 15),
(377, 20),
(379, 16),
(380, 9),
(380, 18),
(380, 21),
(381, 9),
(381, 18),
(381, 21),
(382, 9),
(382, 18),
(382, 21),
(383, 9),
(383, 18),
(383, 21),
(386, 9),
(386, 18),
(387, 9),
(387, 19),
(391, 9),
(391, 18);

-- --------------------------------------------------------

--
-- Tabelstructuur voor tabel `incidenten`
--

CREATE TABLE `incidenten` (
  `Incident_ID` int(11) NOT NULL,
  `Hardware_ID33` int(11) DEFAULT NULL,
  `Software_ID33` int(11) DEFAULT NULL,
  `Omschrijving` varchar(45) DEFAULT NULL,
  `Datum` date DEFAULT NULL,
  `Tijd` time DEFAULT NULL
) ENGINE=InnoDB DEFAULT CHARSET=utf8;

-- --------------------------------------------------------

--
-- Tabelstructuur voor tabel `leverancier`
--

CREATE TABLE `leverancier` (
  `Leverancier_ID` int(11) NOT NULL,
  `Naam` varchar(45) DEFAULT NULL,
  `Adres` varchar(45) DEFAULT NULL,
  `Telefoon` int(11) DEFAULT NULL,
  `Email` varchar(45) DEFAULT NULL,
  `Rekeningsnummer` int(11) DEFAULT NULL
) ENGINE=InnoDB DEFAULT CHARSET=utf8;

--
-- Gegevens worden geëxporteerd voor tabel `leverancier`
--

INSERT INTO `leverancier` (`Leverancier_ID`, `Naam`, `Adres`, `Telefoon`, `Email`, `Rekeningsnummer`) VALUES
(1, 'Compuware', 'Assen', 4232, 'info@compuware.nl', 91123),
(2, 'Access Direct', 'Groningen', 42141, 'info@accessdirect.nl', 12314),
(3, 'Bytestuff', 'Veendam', 412414, 'info@bytestuff.nl', 12415),
(4, 'Ten Cate', 'Emmen', 14126532, 'info@tencate.nl', 512411),
(5, 'NorrComp', 'Vries', 634342, 'info@norrcomp.com', 412414),
(6, 'Dell', 'Rotterdam', 453252, 'service@dell.com', 41244);

-- --------------------------------------------------------

--
-- Tabelstructuur voor tabel `locatie`
--

CREATE TABLE `locatie` (
  `Locatie_ID` int(11) NOT NULL,
  `Adres` varchar(45) DEFAULT NULL,
  `Postcode` varchar(45) DEFAULT NULL,
  `Telefoon` int(11) DEFAULT NULL
) ENGINE=InnoDB DEFAULT CHARSET=utf8;

--
-- Gegevens worden geëxporteerd voor tabel `locatie`
--

INSERT INTO `locatie` (`Locatie_ID`, `Adres`, `Postcode`, `Telefoon`) VALUES
(1, 'adres', 'postcode', 0),
(2, 'Anloo', '1234XD', 12345),
(3, 'Grolloo', '5432OK', 65421),
(4, 'Uitwijklocatie', '7692PK', 123532),
(5, 'Borger', '1287LP', 123451),
(6, 'Gasselte', '9421OP', 192874),
(7, 'Gieten', '9452VA', 102911),
(8, 'Gieterveen', '9458ZP', 129311),
(9, 'Hoofdkantoor', '9102RP', 123519);

-- --------------------------------------------------------

--
-- Tabelstructuur voor tabel `software`
--

CREATE TABLE `software` (
  `Software_ID` int(11) NOT NULL,
  `Naam` varchar(45) DEFAULT NULL,
  `Omschrijving` varchar(45) DEFAULT NULL,
  `Fabrikant_ID22` int(11) DEFAULT NULL,
  `Leverancier_ID22` int(11) DEFAULT NULL
) ENGINE=InnoDB DEFAULT CHARSET=utf8;

--
-- Gegevens worden geëxporteerd voor tabel `software`
--

INSERT INTO `software` (`Software_ID`, `Naam`, `Omschrijving`, `Fabrikant_ID22`, `Leverancier_ID22`) VALUES
(1, 'Windows 2008 Server', 'netwerkbesturingssysteem', 2, 4),
(2, 'Windows 2003 Server', 'netwerkbesturingssysteem', 3, 4),
(3, 'Windows XP', 'besturingssysteem werkstations', 4, 4),
(4, 'Windows Vista', 'besturingssysteem werkstations', 5, 4),
(5, 'Linux 5', 'netwerkbesturingssysteem en besturingssysteem', 2, 4),
(6, 'Linux 8', 'netwerkbesturingssysteem en besturingssysteem', 5, 4),
(7, 'Office XP Professional Edition', 'softwarepakket kantoorautomatisering', 3, 4),
(8, 'Office 2003', 'softwarepakket kantoorautomatisering', 4, 4),
(9, 'Office 2007', 'softwarepakket kantoorautomatisering', 2, 4),
(10, 'Star Office 8', 'softwarepakket kantoorautomatisering', 2, 4),
(11, 'Unix besturingssysteem', 'netwerkbesturingssysteem', 3, 4),
(12, 'SQL Server versie 7.0', 'database managementsysteem', 5, 4),
(13, 'SQL Server versie 2005', 'database managementsysteem', 4, 4),
(14, 'MySQL versie 5.1', 'database managementsysteem', 3, 4),
(15, 'Apache Webserver 2.1.12', 'webserver', 2, 4),
(16, 'Mail Exchange Server 2007', 'mailserver', 4, 4),
(17, 'Internet Explorer 7', 'webbrowser', 5, 4),
(18, 'Internet Explorer 8', 'webbrowser', 5, 4),
(19, 'Firefox 3.5', 'webbrowser', 5, 4),
(20, 'ProfSupport Web 2.9', 'webapplicatie voor studievoortgangssysteem', 2, 4),
(21, 'LeerlingPlus', 'administratiepakket voor scholen', 2, 4),
(22, 'Exact Inkoop', 'softwarepakket voor inkoopadministratie', 2, 5),
(23, 'SpelPlus', 'oefenprogramma Nederlandse spelling', 2, 2),
(24, 'VocTrainer 1', 'trainingsprogramma Engelse vocabulaire', 3, 5),
(25, 'EduProf 1.2', 'trainingsprogramma Franse grammatica', 3, 2),
(26, 'Ubungsmeister 5', 'trainingsprogramma Duitse naamvallen', 3, 2),
(27, 'HablarEspo 2.3', 'conversatieprogramma Spaans', 3, 2),
(28, 'Calculus 2', 'rekenprogramma symbolische manipulaties', 3, 3),
(29, 'PCGraph', 'grafiekenprogramma', 3, 4),
(30, 'CabriGeo', 'oefenprogramma meetkundige bewijzen', 3, 3),
(31, 'BinBase 9.5', 'zoekprogramma exacte vakken', 3, 3),
(32, 'PractSupport professional', 'hulpprogramma voor verwerking practicumresult', 3, 5),
(33, 'AtomSim 1', 'simultatieprogramma voor het atoommodel van B', 3, 5),
(34, 'OrgaSim 1', 'simultatieprogramma voor organische verbindin', 3, 3),
(35, 'HumanVoyage 2.4', 'virtuele reis door het menselijk lichaam', 3, 3),
(36, 'Logo', 'programmeertaal', 3, 3),
(37, 'FCO-IM', 'modelleerprogramma voor informatiemodellering', 3, 3),
(38, 'TopoExercise', 'oefenprogramma topografie van Europa', 3, 2),
(39, 'IntoEarth 1.2', 'virtuele reis naar het binnenste van de aarde', 3, 2),
(40, 'SimGame', 'spelprogramma ruimtelijke ordening', 3, 2),
(41, 'TimeTravel 3', 'virtuele reis in de tijd', 3, 2),
(42, 'ExactTrain 4', 'trainingsprogramma voor boekhouden', 3, 2),
(43, 'Photoshop', 'bewerkingsprogramma voor digitale foto''s', 3, 2),
(44, 'MMDesigner', 'programma voor het ontwerpen van multimediapr', 3, 2),
(45, 'ExcercisePlanner 4', 'programma voor het plannen van sporttraininge', 3, 2),
(46, 'GameInstruct 1.0', 'programma met spelregels van de meeste sporte', 3, 2),
(47, 'HouseSim 8', 'simulatieprogramma voor huisschilderwerk', 3, 2),
(48, 'ElectroGame', 'spelprogramma electrische schakelingen', 3, 2),
(49, 'CareSim', 'simulatieprogramma voor verzorgingsvraagstukk', 3, 2);

--
-- Indexen voor geëxporteerde tabellen
--

--
-- Indexen voor tabel `fabrikant`
--
ALTER TABLE `fabrikant`
  ADD PRIMARY KEY (`Fabrikant_ID`);

--
-- Indexen voor tabel `hardware`
--
ALTER TABLE `hardware`
  ADD PRIMARY KEY (`Hardware_ID`),
  ADD KEY `Fabrikant_ID_idx` (`Fabrikant_ID`),
  ADD KEY `Leverancier_ID_idx` (`Leverancier_ID`),
  ADD KEY `Locatie_ID_idx` (`Locatie_ID`);

--
-- Indexen voor tabel `hard_software_koppeling`
--
ALTER TABLE `hard_software_koppeling`
  ADD PRIMARY KEY (`Hardware_ID`,`Software_ID`),
  ADD KEY `Software_ID_idx` (`Software_ID`);

--
-- Indexen voor tabel `incidenten`
--
ALTER TABLE `incidenten`
  ADD PRIMARY KEY (`Incident_ID`),
  ADD KEY `Hardware_ID_idx` (`Hardware_ID33`),
  ADD KEY `Software_ID_idx` (`Software_ID33`);

--
-- Indexen voor tabel `leverancier`
--
ALTER TABLE `leverancier`
  ADD PRIMARY KEY (`Leverancier_ID`);

--
-- Indexen voor tabel `locatie`
--
ALTER TABLE `locatie`
  ADD PRIMARY KEY (`Locatie_ID`);

--
-- Indexen voor tabel `software`
--
ALTER TABLE `software`
  ADD PRIMARY KEY (`Software_ID`),
  ADD KEY `Leverancier_ID_idx` (`Leverancier_ID22`),
  ADD KEY `Fabrikant_ID_idx` (`Fabrikant_ID22`);

--
-- AUTO_INCREMENT voor geëxporteerde tabellen
--

--
-- AUTO_INCREMENT voor een tabel `fabrikant`
--
ALTER TABLE `fabrikant`
  MODIFY `Fabrikant_ID` int(11) NOT NULL AUTO_INCREMENT, AUTO_INCREMENT=19;
--
-- AUTO_INCREMENT voor een tabel `hardware`
--
ALTER TABLE `hardware`
  MODIFY `Hardware_ID` int(11) NOT NULL AUTO_INCREMENT, AUTO_INCREMENT=392;
--
-- AUTO_INCREMENT voor een tabel `incidenten`
--
ALTER TABLE `incidenten`
  MODIFY `Incident_ID` int(11) NOT NULL AUTO_INCREMENT;
--
-- AUTO_INCREMENT voor een tabel `leverancier`
--
ALTER TABLE `leverancier`
  MODIFY `Leverancier_ID` int(11) NOT NULL AUTO_INCREMENT, AUTO_INCREMENT=7;
--
-- AUTO_INCREMENT voor een tabel `locatie`
--
ALTER TABLE `locatie`
  MODIFY `Locatie_ID` int(11) NOT NULL AUTO_INCREMENT, AUTO_INCREMENT=10;
--
-- AUTO_INCREMENT voor een tabel `software`
--
ALTER TABLE `software`
  MODIFY `Software_ID` int(11) NOT NULL AUTO_INCREMENT, AUTO_INCREMENT=50;
--
-- Beperkingen voor geëxporteerde tabellen
--

--
-- Beperkingen voor tabel `hardware`
--
ALTER TABLE `hardware`
  ADD CONSTRAINT `Fabrikant_ID` FOREIGN KEY (`Fabrikant_ID`) REFERENCES `fabrikant` (`Fabrikant_ID`) ON DELETE NO ACTION ON UPDATE NO ACTION,
  ADD CONSTRAINT `Leverancier_ID` FOREIGN KEY (`Leverancier_ID`) REFERENCES `leverancier` (`Leverancier_ID`) ON DELETE NO ACTION ON UPDATE NO ACTION,
  ADD CONSTRAINT `Locatie_ID` FOREIGN KEY (`Locatie_ID`) REFERENCES `locatie` (`Locatie_ID`) ON DELETE NO ACTION ON UPDATE NO ACTION;

--
-- Beperkingen voor tabel `hard_software_koppeling`
--
ALTER TABLE `hard_software_koppeling`
  ADD CONSTRAINT `Hardware_ID` FOREIGN KEY (`Hardware_ID`) REFERENCES `hardware` (`Hardware_ID`) ON DELETE NO ACTION ON UPDATE NO ACTION,
  ADD CONSTRAINT `Software_ID` FOREIGN KEY (`Software_ID`) REFERENCES `software` (`Software_ID`) ON DELETE NO ACTION ON UPDATE NO ACTION;

--
-- Beperkingen voor tabel `incidenten`
--
ALTER TABLE `incidenten`
  ADD CONSTRAINT `Hardware_ID33` FOREIGN KEY (`Hardware_ID33`) REFERENCES `hardware` (`Hardware_ID`) ON DELETE NO ACTION ON UPDATE NO ACTION,
  ADD CONSTRAINT `Software_ID33` FOREIGN KEY (`Software_ID33`) REFERENCES `software` (`Software_ID`) ON DELETE NO ACTION ON UPDATE NO ACTION;

--
-- Beperkingen voor tabel `software`
--
ALTER TABLE `software`
  ADD CONSTRAINT `Fabrikant_ID22` FOREIGN KEY (`Fabrikant_ID22`) REFERENCES `fabrikant` (`Fabrikant_ID`) ON DELETE NO ACTION ON UPDATE NO ACTION,
  ADD CONSTRAINT `Leverancier_ID22` FOREIGN KEY (`Leverancier_ID22`) REFERENCES `leverancier` (`Leverancier_ID`) ON DELETE NO ACTION ON UPDATE NO ACTION;

/*!40101 SET CHARACTER_SET_CLIENT=@OLD_CHARACTER_SET_CLIENT */;
/*!40101 SET CHARACTER_SET_RESULTS=@OLD_CHARACTER_SET_RESULTS */;
/*!40101 SET COLLATION_CONNECTION=@OLD_COLLATION_CONNECTION */;
